{
  "IcoMoonType": "selection",
  "icons": [
    {
      "icon": {
        "paths": [
          "M597.333 396.8v123.733h110.933c8.533 0 12.8 8.533 12.8 17.067l-17.067 81.067c0 4.267-8.533 8.533-12.8 8.533h-93.867v311.467h-128v-307.2h-72.533c-8.533 0-12.8-4.267-12.8-12.8v-81.067c0-8.533 4.267-12.8 12.8-12.8h72.533v-140.8c0-72.533 55.467-128 128-128h115.2c8.533 0 12.8 4.267 12.8 12.8v102.4c0 8.533-4.267 12.8-12.8 12.8h-102.4c-8.533 0-12.8 4.267-12.8 12.8z",
          "M640 938.667h-256c-213.333 0-298.667-85.333-298.667-298.667v-256c0-213.333 85.333-298.667 298.667-298.667h256c213.333 0 298.667 85.333 298.667 298.667v256c0 213.333-85.333 298.667-298.667 298.667z"
        ],
        "attrs": [
          {},
          {
            "fill": "none",
            "stroke": "rgb(23, 61, 51)",
            "strokeLinejoin": "round",
            "strokeLinecap": "round",
            "strokeMiterlimit": "4",
            "strokeWidth": 64
          }
        ],
        "isMulticolor": false,
        "isMulticolor2": true,
        "grid": 16,
        "tags": [
          "facebook-icon"
        ],
        "colorPermutations": {
          "151210139123615112552552551": [
            {},
            {
              "s": 0
            }
          ]
        }
      },
      "attrs": [
        {},
        {
          "fill": "none",
          "stroke": "rgb(23, 61, 51)",
          "strokeLinejoin": "round",
          "strokeLinecap": "round",
          "strokeMiterlimit": "4",
          "strokeWidth": 64
        }
      ],
      "properties": {
        "order": 16,
        "id": 502,
        "name": "facebook-icon",
        "prevSize": 32
      },
      "setIdx": 2,
      "setId": 1,
      "iconIdx": 0
    }
  ],
  "height": 1024,
  "preferences": {
    "showGlyphs": true,
    "showQuickUse": true,
    "showQuickUse2": true,
    "showSVGs": true,
    "fontPref": {
      "prefix": "icon-",
      "metadata": {
        "fontFamily": "icomoon"
      },
      "metrics": {
        "emSize": 1024,
        "baseline": 6.25,
        "whitespace": 50
      },
      "embed": false
    },
    "imagePref": {
      "prefix": "icon-",
      "png": true,
      "useClassSelector": true,
      "color": 0,
      "bgColor": 16777215,
      "classSelector": ".icon",
      "name": "icomoon"
    },
    "historySize": 50,
    "showCodes": true,
    "gridSize": 16
  }
}